{
  "stage1": [
    {
      "a": 0.0165235048434816,
      "b": 0.6535774505316921,
      "fold": 1,
      "m_P_val": 0.8293730275410135,
      "val_median_width": 0.9994820000000001,
      "val_track": 8
    },
    {
      "a": 0.00038835136652827913,
      "b": 1.3111461250717238,
      "fold": 2,
      "m_P_val": 0.8411429242324283,
      "val_median_width": 0.8123280000000002,
      "val_track": 10
    },
    {
      "a": 4.111325823578001e-06,
      "b": 2.0702535048632242,
      "fold": 3,
      "m_P_val": 0.5523964204143983,
      "val_median_width": 0.680922,
      "val_track": 14
    }
  ],
  "variants": {
    "anchor_ref": {
      "per_fold": [
        {
          "fold": 1,
          "full": {
            "constant": {
              "mae": 0.2878625523557149,
              "n": 383,
              "rmse": 0.29290968519168686
            },
            "gp": {
              "coverage_50": 0.007832898172323759,
              "coverage_90": 0.044386422976501305,
              "crps": 0.21956379963880965,
              "mae": 0.28783990487080136,
              "n": 383,
              "nll": 1.5923758460610995,
              "rmse": 0.2928873803033775
            },
            "interp": {
              "mae": 0.29080296475195827,
              "n": 383,
              "rmse": 0.3072118488166221
            }
          },
          "n_train": 737,
          "n_val": 383,
          "train_tracks": [
            10,
            14
          ],
          "val_track": 8,
          "x29_99": {
            "constant": {
              "mae": 0.2905792755189569,
              "n": 348,
              "rmse": 0.29458593607480466
            },
            "gp": {
              "coverage_50": 0.005747126436781609,
              "coverage_90": 0.028735632183908046,
              "crps": 0.22183328079125453,
              "mae": 0.2905543502697561,
              "n": 348,
              "nll": 1.6240941570541618,
              "rmse": 0.29456152748087205
            },
            "interp": {
              "mae": 0.2844069123563219,
              "n": 348,
              "rmse": 0.2968883810580032
            }
          }
        },
        {
          "fold": 2,
          "full": {
            "constant": {
              "mae": 0.10447437956847207,
              "n": 363,
              "rmse": 0.1501814771613033
            },
            "gp": {
              "coverage_50": 0.6033057851239669,
              "coverage_90": 0.9421487603305785,
              "crps": 0.08543956408339475,
              "mae": 0.11166957016822217,
              "n": 363,
              "nll": -0.4024913635140893,
              "rmse": 0.16158225722782804
            },
            "interp": {
              "mae": 0.11215966666666667,
              "n": 363,
              "rmse": 0.15586517350261414
            }
          },
          "n_train": 757,
          "n_val": 363,
          "train_tracks": [
            8,
            14
          ],
          "val_track": 10,
          "x29_99": {
            "constant": {
              "mae": 0.09890813006574656,
              "n": 348,
              "rmse": 0.13423869908757777
            },
            "gp": {
              "coverage_50": 0.6005747126436781,
              "coverage_90": 0.9540229885057471,
              "crps": 0.08025987108219672,
              "mae": 0.10649682844488252,
              "n": 348,
              "nll": -0.4860675787097179,
              "rmse": 0.14675026656461462
            },
            "interp": {
              "mae": 0.10642123850574713,
              "n": 348,
              "rmse": 0.1416802647525325
            }
          }
        },
        {
          "fold": 3,
          "full": {
            "constant": {
              "mae": 0.215708327077748,
              "n": 374,
              "rmse": 0.23289718064890808
            },
            "gp": {
              "coverage_50": 0.045454545454545456,
              "coverage_90": 0.7994652406417112,
              "crps": 0.14420905625024627,
              "mae": 0.21566417378951594,
              "n": 374,
              "nll": 0.128981688517237,
              "rmse": 0.23285435584129743
            },
            "interp": {
              "mae": 0.2214242205882353,
              "n": 374,
              "rmse": 0.24502488955054622
            }
          },
          "n_train": 746,
          "n_val": 374,
          "train_tracks": [
            8,
            10
          ],
          "val_track": 14,
          "x29_99": {
            "constant": {
              "mae": 0.21109541279203373,
              "n": 350,
              "rmse": 0.22486460203887212
            },
            "gp": {
              "coverage_50": 0.04857142857142857,
              "coverage_90": 0.8114285714285714,
              "crps": 0.13978858058339766,
              "mae": 0.2110482446728986,
              "n": 350,
              "nll": 0.0593352205022686,
              "rmse": 0.22481721696142862
            },
            "interp": {
              "mae": 0.22139635571428576,
              "n": 350,
              "rmse": 0.2411172106094358
            }
          }
        }
      ],
      "pooled": {
        "full": {
          "constant": {
            "mae": 0.2043307782702428,
            "n": 1120,
            "rmse": 0.23401263903034605
          },
          "gp": {
            "coverage_50": 0.21339285714285713,
            "coverage_90": 0.5875,
            "crps": 0.15093007505493616,
            "mae": 0.20664030226237545,
            "n": 1120,
            "nll": 0.45715601392074406,
            "rmse": 0.23643768053288636
          },
          "interp": {
            "mae": 0.20973585089285718,
            "n": 1120,
            "rmse": 0.24534927574211043
          }
        },
        "x29_99": {
          "constant": {
            "mae": 0.20021511627216884,
            "n": 1046,
            "rmse": 0.2275653524447421
          },
          "gp": {
            "coverage_50": 0.2179732313575526,
            "coverage_90": 0.5984703632887189,
            "crps": 0.1472795602831264,
            "mae": 0.20271577039025693,
            "n": 1046,
            "nll": 0.39847091437826043,
            "rmse": 0.2300949925819543
          },
          "interp": {
            "mae": 0.20410795506692164,
            "n": 1046,
            "rmse": 0.23549163231923576
          }
        }
      }
    },
    "phys_gp": {
      "per_fold": [
        {
          "fold": 1,
          "full": {
            "gp": {
              "coverage_50": 0.010443864229765013,
              "coverage_90": 0.5143603133159269,
              "crps": 0.1308214897645344,
              "mae": 0.18762637831835316,
              "n": 383,
              "nll": 0.24584425406840005,
              "rmse": 0.19642008791234894
            }
          },
          "val_track": 8,
          "x29_99": {
            "gp": {
              "coverage_50": 0.005747126436781609,
              "coverage_90": 0.5057471264367817,
              "crps": 0.1301345989135027,
              "mae": 0.187354066445801,
              "n": 348,
              "nll": 0.2069927136758026,
              "rmse": 0.1938178313346759
            }
          }
        },
        {
          "fold": 2,
          "full": {
            "gp": {
              "coverage_50": 0.39669421487603307,
              "coverage_90": 0.7630853994490359,
              "crps": 0.07789473820717305,
              "mae": 0.10399442966016606,
              "n": 363,
              "nll": -0.14831687405448585,
              "rmse": 0.147977997155446
            }
          },
          "val_track": 10,
          "x29_99": {
            "gp": {
              "coverage_50": 0.39655172413793105,
              "coverage_90": 0.7672413793103449,
              "crps": 0.07230258448607717,
              "mae": 0.09839203208421232,
              "n": 348,
              "nll": -0.41947851315815404,