{
  "per_fold": [
    {
      "fold": 1,
      "full": {
        "after": {
          "coverage_50": 0.033942558746736295,
          "coverage_90": 0.9060052219321149,
          "crps": 0.12208208586650318,
          "mae": 0.18762637831835316,
          "n": 383,
          "nll": -0.10377420489865391,
          "rmse": 0.19642008791234894
        },
        "before": {
          "coverage_50": 0.010443864229765013,
          "coverage_90": 0.5143603133159269,
          "crps": 0.1308214897645344,
          "mae": 0.18762637831835316,
          "n": 383,
          "nll": 0.24584425406840005,
          "rmse": 0.19642008791234894
        }
      },
      "inflation_sd_mm": 0.09313732996585047,
      "val_track": 8,
      "x29_99": {
        "after": {
          "coverage_50": 0.022988505747126436,
          "coverage_90": 0.9051724137931034,
          "crps": 0.12126227790098827,
          "mae": 0.187354066445801,
          "n": 348,
          "nll": -0.12713060579855984,
          "rmse": 0.1938178313346759
        },
        "before": {
          "coverage_50": 0.005747126436781609,
          "coverage_90": 0.5057471264367817,
          "crps": 0.1301345989135027,
          "mae": 0.187354066445801,
          "n": 348,
          "nll": 0.2069927136758026,
          "rmse": 0.1938178313346759
        }
      }
    },
    {
      "fold": 2,
      "full": {
        "after": {
          "coverage_50": 0.6528925619834711,
          "coverage_90": 0.9641873278236914,
          "crps": 0.07917677179247656,
          "mae": 0.10399442966016606,
          "n": 363,
          "nll": -0.4656506960197881,
          "rmse": 0.147977997155446
        },
        "before": {
          "coverage_50": 0.39669421487603307,
          "coverage_90": 0.7630853994490359,
          "crps": 0.07789473820717305,
          "mae": 0.10399442966016606,
          "n": 363,
          "nll": -0.14831687405448585,
          "rmse": 0.147977997155446
        }
      },
      "inflation_sd_mm": 0.15075789717103893,
      "val_track": 10,
      "x29_99": {
        "after": {
          "coverage_50": 0.6522988505747126,
          "coverage_90": 0.9770114942528736,
          "crps": 0.07391821458306695,
          "mae": 0.09839203208421232,
          "n": 348,
          "nll": -0.5378958622667359,
          "rmse": 0.13198355366346237
        },
        "before": {
          "coverage_50": 0.39655172413793105,
          "coverage_90": 0.7672413793103449,
          "crps": 0.07230258448607717,
          "mae": 0.09839203208421232,
          "n": 348,
          "nll": -0.41947851315815404,
          "rmse": 0.13198355366346237
        }
      }
    },
    {
      "fold": 3,
      "full": {
        "after": {
          "coverage_50": 0.3850267379679144,
          "coverage_90": 0.9946524064171123,
          "crps": 0.08514033935353021,
          "mae": 0.1318758139282763,
          "n": 374,
          "nll": -0.4862658219340818,
          "rmse": 0.1456589666268961
        },
        "before": {
          "coverage_50": 0.22192513368983957,
          "coverage_90": 0.8475935828877005,
          "crps": 0.08790292449450646,
          "mae": 0.1318758139282763,
          "n": 374,
          "nll": -0.4557906608920265,
          "rmse": 0.1456589666268961
        }
      },
      "inflation_sd_mm": 0.12199869337327518,
      "val_track": 14,
      "x29_99": {
        "after": {
          "coverage_50": 0.38857142857142857,
          "coverage_90": 0.9971428571428571,
          "crps": 0.08405116820691674,
          "mae": 0.13034186395740346,
          "n": 350,
          "nll": -0.49692923781006404,
          "rmse": 0.14353319703733156
        },
        "before": {
          "coverage_50": 0.2257142857142857,
          "coverage_90": 0.8571428571428571,
          "crps": 0.08661377735595616,
          "mae": 0.13034186395740346,
          "n": 350,
          "nll": -0.47779304601560785,
          "rmse": 0.14353319703733156
        }
      }
    }
  ],
  "pooled": {
    "after": {
      "coverage_50": 0.3517857142857143,
      "coverage_90": 0.9544642857142858,
      "crps": 0.09584026246942857,
      "mae": 0.1419039600640579,
      "n": 1120,
      "nll": -0.3487858397631376,
      "rmse": 0.1654545628374709
    },
    "before": {
      "coverage_50": 0.20625,
      "coverage_90": 0.70625,
      "crps": 0.09933581634818386,
      "mae": 0.1419039600640579,
      "n": 1120,
      "nll": -0.11620212780999914,
      "rmse": 0.1654545628374709
    }
  },
  "stage1_bias_mm": {
    "1": -0.1701089724589866,
    "2": 0.028814924232428152,
    "3": -0.12852557958560173
  }
}