{
  "per_fold": [
    {
      "best_epoch": 18,
      "const_mae": 0.2878625523557149,
      "fold": 1,
      "full": {
        "coverage_50": 0.005221932114882507,
        "coverage_90": 0.0391644908616188,
        "crps": 0.1690222826972329,
        "mae": 0.2094301162344433,
        "n": 383,
        "nll": 2.7805586819887176,
        "rmse": 0.21683578934375228
      },
      "val_track": 8,
      "x29_99": {
        "coverage_50": 0.0,
        "coverage_90": 0.028735632183908046,
        "crps": 0.16937217365501067,
        "mae": 0.21002761033465953,
        "n": 348,
        "nll": 2.732567708553971,
        "rmse": 0.2155176164375051
      }
    },
    {
      "best_epoch": 0,
      "const_mae": 0.10447437956847207,
      "fold": 2,
      "full": {
        "coverage_50": 0.05785123966942149,
        "coverage_90": 0.1652892561983471,
        "crps": 0.14068820677222288,
        "mae": 0.1529583597110191,
        "n": 363,
        "nll": 34.19925076096718,
        "rmse": 0.2029081810860825
      },
      "val_track": 10,
      "x29_99": {
        "coverage_50": 0.05747126436781609,
        "coverage_90": 0.16379310344827586,
        "crps": 0.13535367212794783,
        "mae": 0.14766361008200146,
        "n": 348,
        "nll": 28.874488634268367,
        "rmse": 0.18887350917401266
      }
    },
    {
      "best_epoch": 13,
      "const_mae": 0.215708327077748,
      "fold": 3,
      "full": {
        "coverage_50": 0.49732620320855614,
        "coverage_90": 0.8556149732620321,
        "crps": 0.04719060439614789,
        "mae": 0.06393386994978961,
        "n": 374,
        "nll": -0.9071793644047563,
        "rmse": 0.0897904989461261
      },
      "val_track": 14,
      "x29_99": {
        "coverage_50": 0.5057142857142857,
        "coverage_90": 0.8714285714285714,
        "crps": 0.043150189653330936,
        "mae": 0.05935479269719807,
        "n": 350,
        "nll": -1.099876643960543,
        "rmse": 0.07893889003784778
      }
    }
  ],
  "pooled": {
    "coverage_50": 0.18660714285714286,
    "coverage_90": 0.35267857142857145,
    "crps": 0.11915592801385395,
    "mae": 0.14254186290545806,
    "n": 1120,
    "nll": 11.73214010637981,
    "rmse": 0.17920571947727273
  }
}