{
  "primary": "linear3",
  "variants": {
    "area1d": {
      "fold_median_bias_mm": {
        "1": -0.14732470690169508,
        "2": 0.02073085960420229,
        "3": -0.14344026510486974
      },
      "per_fold": [
        {
          "const_mae": 0.2878625523557149,
          "fold": 1,
          "full": {
            "after": {
              "coverage_50": 0.12010443864229765,
              "coverage_90": 0.9686684073107049,
              "crps": 0.09877486373313837,
              "mae": 0.15630835907064483,
              "n": 383,
              "nll": -0.35294105015674665,
              "rmse": 0.1685840369190483
            },
            "before": {
              "coverage_50": 0.057441253263707574,
              "coverage_90": 0.7963446475195822,
              "crps": 0.10434342090340215,
              "mae": 0.15630835907064483,
              "n": 383,
              "nll": -0.1717248353194595,
              "rmse": 0.1685840369190483
            }
          },
          "inflation_sd_mm": 0.10248140854146293,
          "val_track": 8,
          "x29_99": {
            "after": {
              "coverage_50": 0.11494252873563218,
              "coverage_90": 0.9741379310344828,
              "crps": 0.09696487458967643,
              "mae": 0.15495165129494892,
              "n": 348,
              "nll": -0.38752102611281497,
              "rmse": 0.16363297201501234
            },
            "before": {
              "coverage_50": 0.05172413793103448,
              "coverage_90": 0.7988505747126436,
              "crps": 0.10259073255024624,
              "mae": 0.15495165129494892,
              "n": 348,
              "nll": -0.2336414898099466,
              "rmse": 0.16363297201501234
            }
          }
        },
        {
          "const_mae": 0.10447437956847207,
          "fold": 2,
          "full": {
            "after": {
              "coverage_50": 0.6363636363636364,
              "coverage_90": 0.9641873278236914,
              "crps": 0.08100731083346403,
              "mae": 0.10553131261818904,
              "n": 363,
              "nll": -0.44702933444298004,
              "rmse": 0.15226586998937047
            },
            "before": {
              "coverage_50": 0.44352617079889806,
              "coverage_90": 0.7603305785123967,
              "crps": 0.07994257197712074,
              "mae": 0.10553131261818904,
              "n": 363,
              "nll": -0.15644509986692226,
              "rmse": 0.15226586998937047
            }
          },
          "inflation_sd_mm": 0.14539545886482438,
          "val_track": 10,
          "x29_99": {
            "after": {
              "coverage_50": 0.6350574712643678,
              "coverage_90": 0.9770114942528736,
              "crps": 0.07564085111090861,
              "mae": 0.09999467361863541,
              "n": 348,
              "nll": -0.5244519474182842,
              "rmse": 0.13602660358073557
            },
            "before": {
              "coverage_50": 0.4396551724137931,
              "coverage_90": 0.764367816091954,
              "crps": 0.074313204482153,
              "mae": 0.09999467361863541,
              "n": 348,
              "nll": -0.4138320144532621,
              "rmse": 0.13602660358073557
            }
          }
        },
        {
          "const_mae": 0.215708327077748,
          "fold": 3,
          "full": {
            "after": {
              "coverage_50": 0.3155080213903743,
              "coverage_90": 0.9759358288770054,
              "crps": 0.09260977386297885,
              "mae": 0.14304148876159076,
              "n": 374,
              "nll": -0.4270903333346138,
              "rmse": 0.15783544661587356
            },
            "before": {
              "coverage_50": 0.19518716577540107,
              "coverage_90": 0.7700534759358288,
              "crps": 0.09625286200891343,
              "mae": 0.14304148876159076,
              "n": 374,
              "nll": -0.3431613109162828,
              "rmse": 0.15783544661587356
            }
          },
          "inflation_sd_mm": 0.10520061264935558,
          "val_track": 14,
          "x29_99": {
            "after": {
              "coverage_50": 0.3142857142857143,
              "coverage_90": 0.9771428571428571,
              "crps": 0.09212490611992227,
              "mae": 0.1424531014720245,
              "n": 350,
              "nll": -0.43292820697200257,
              "rmse": 0.1568822952397869
            },
            "before": {
              "coverage_50": 0.19142857142857142,
              "coverage_90": 0.7685714285714286,
              "crps": 0.0957240522881671,
              "mae": 0.1424531014720245,
              "n": 350,
              "nll": -0.3534364805532724,
              "rmse": 0.1568822952397869
            }
          }
        }
      ],
      "pooled": {
        "after": {
          "coverage_50": 0.35267857142857145,
          "coverage_90": 0.9696428571428571,
          "crps": 0.09095757327419066,
          "mae": 0.1354209685725844,
          "n": 1120,
          "nll": -0.4081962993571261,
          "rmse": 0.15985008791261215
        },
        "before": {
          "coverage_50": 0.22857142857142856,
          "coverage_90": 0.7758928571428572,
          "crps": 0.09373326270092094,
          "mae": 0.1354209685725844,
          "n": 1120,
          "nll": -0.22402010130512096,
          "rmse": 0.15985008791261215
        }
      },
      "t21_external_check": {
        "check": "pass",
        "dev_width_sem_ratio_range": [
          0.94,
          1.2
        ],
        "inflation_sd_mm": 0.11931673179253446,
        "iqr_mm": [
          0.37731338567567174,
          0.4187528419352113
        ],
        "median_over_sem": 1.0375807882587114,
        "median_pred_mm": 0.3932431187500516,
        "n_windows": 390,
        "sem_band_mm": 0.379
      }
    },
    "full18": {
      "fold_median_bias_mm": {
        "1": -0.15387938465333706,
        "2": 0.008580104253089194,
        "3": -0.1471710143489547
      },
      "per_fold": [
        {
          "const_mae": 0.2878625523557149,
          "fold": 1,
          "full": {
            "after": {
              "coverage_50": 0.17232375979112272,
              "coverage_90": 0.9686684073107049,
              "crps": 0.1020482419186128,
              "mae": 0.16093774253325532,
              "n": 383,
              "nll": -0.31888435450233443,
              "rmse": 0.17354805882677699
            },
            "before": {
              "coverage_50": 0.06266318537859007,
              "coverage_90": 0.7780678851174935,
              "crps": 0.10737914339034456,
              "mae": 0.16093774253325532,
              "n": 383,
              "nll": -0.15008699923155938,
              "rmse": 0.17354805882677699
            }
          },
          "inflation_sd_mm": 0.10424232742387832,
          "val_track": 8,
          "x29_99": {
            "after": {
              "coverage_50": 0.1781609195402299,
              "coverage_90": 0.9741379310344828,
              "crps": 0.09991425187526588,
              "mae": 0.15888496343755887,
              "n": 348,
              "nll": -0.35370422957074493,
              "rmse": 0.16851566065524376
            },
            "before": {
              "coverage_50": 0.0603448275862069,
              "coverage_90": 0.7844827586206896,
              "crps": 0.10514347178762883,
              "mae": 0.15888496343755887,
              "n": 348,
              "nll": -0.21464421951692256,
              "rmse": 0.16851566065524376
            }
          }
        },
        {
          "const_mae": 0.10447437956847207,
          "fold": 2,
          "full": {
            "after": {
              "coverage_50": 0.6694214876033058,
              "coverage_90": 0.9641873278236914,
              "crps": 0.07963178164554574,
              "mae": 0.10425905020302552,
              "n": 363,